title,subreddit,polarity,emotion,topics,upvotes,comments
Best Soup in town?,dhaka,1.0,joy,Food/Dining,3,3
Best dermatologist in DHAKA for Fungal infection (Tinia Cruris),dhaka,1.0,joy,Healthcare/Medical,3,2
Best flower shops,dhaka,1.0,joy,Shopping/Commerce,7,4
Where i can buy best quality jerseys in Dhaka?,dhaka,1.0,joy,Shopping/Commerce,2,3
Best AFFORDABLE gym in Bashundhara?,dhaka,1.0,joy,Sports/Recreation,3,8
Best places to buy second-hand laptops in Dhaka,dhaka,1.0,joy,"Technology/Gadgets, Shopping/Commerce",2,4
Need help listing the best Tong er Cha spots in Dhaka,dhaka,1.0,joy,General/Miscellaneous,10,9
"Best rooftops restaurants in/close to Dhanmondi , Gulsahan , Banani ?",dhaka,1.0,joy,Food/Dining,6,6
Best trusted iPhone repair shop in Dhaka?,dhaka,1.0,joy,"Technology/Gadgets, Shopping/Commerce, Services/Professional",2,0
Where to find best saree in Dhaka?,dhaka,1.0,joy,General/Miscellaneous,5,27
Where to get the best exchange rate in Dhaka.,dhaka,1.0,joy,General/Miscellaneous,3,1
"Best Tehari , Morog Polao in Dhaka RN ?",dhaka,1.0,joy,General/Miscellaneous,9,23
Where is the best venue for ielts exam,dhaka,1.0,joy,Education/Career,3,1
Places to get the best Mishti around Dhaka?,bangladesh,1.0,joy,General/Miscellaneous,8,8
Best place for cataract surgery in Dhaka?,bangladesh,1.0,joy,Healthcare/Medical,4,1
